<?xml version="1.0" encoding="UTF-8"?>
<!DOCTYPE dwr PUBLIC "-//GetAhead Limited//DTD Direct Web Remoting 3.0//EN" "http://getahead.org/dwr/dwr30.dtd">

<dwr>

  <allow>

    

    <!-- intro - for the test on index.html -->
    <create creator="new"  javascript="DashboardAjax">
      <param name="class" value="th.ac.kmutt.dashboard.ajax.DashboardAjax"/>
    </create> 

    <!-- this is a bad idea for live, but can be useful in testing -->
    <convert converter="exception" match="java.lang.Exception"/>
    <convert converter="bean" match="java.lang.StackTraceElement"/>
    <convert converter="bean" match="th.ac.kmutt.dashboard.xstream.common.*"/>
    <convert converter="bean" match="th.ac.kmutt.dashboard.model.*"/>
  </allow>

</dwr>
