<?xml version="1.0"  encoding="UTF-8"?>

<portlet-app version="2.0"
             xmlns="http://java.sun.com/xml/ns/portlet/portlet-app_2_0.xsd"
	         xmlns:xsi="http://www.w3.org/2001/XMLSchema-instance"
	         xsi:schemaLocation="http://java.sun.com/xml/ns/portlet/portlet-app_2_0.xsd
	                             http://java.sun.com/xml/ns/portlet/portlet-app_2_0.xsd">
<!--  
<portlet-app xmlns="http://java.sun.com/xml/ns/portlet/portlet-app_2_0.xsd" 
			xmlns:xsi="http://www.w3.org/2001/XMLSchema-instance" 
			xsi:schemaLocation="http://java.sun.com/xml/ns/portlet/portlet-app_2_0.xsd 
								http://java.sun.com/xml/ns/portlet/portlet-app_2_0.xsd" 
								version="2.0">
								--> 
      <portlet>
      <portlet-name>EIS Dashboard Executive Summary</portlet-name>
      <portlet-class>org.springframework.web.portlet.DispatcherPortlet</portlet-class>
      <init-param>
         <name>contextConfigLocation</name>
         <value>/WEB-INF/context/dashboard-portlet.xml</value>
      </init-param>
      <supports>
         <mime-type>text/html</mime-type>
         <portlet-mode>view</portlet-mode>
      </supports>
      <portlet-info>
         <title>EIS Dashboard Executive Summary</title>
      </portlet-info>
      </portlet>

</portlet-app>