<?xml version="1.0" encoding="UTF-8"?>
		<beans xmlns="http://www.springframework.org/schema/beans" xmlns:xsi="http://www.w3.org/2001/XMLSchema-instance"
		xmlns:p="http://www.springframework.org/schema/p"
		xmlns:context="http://www.springframework.org/schema/context" 
		xmlns:jdbc="http://www.springframework.org/schema/jdbc" 
		xmlns:jee="http://www.springframework.org/schema/jee" 
		xmlns:tx="http://www.springframework.org/schema/tx"
		xsi:schemaLocation="
			http://www.springframework.org/schema/beans http://www.springframework.org/schema/beans/spring-beans-4.1.xsd
			http://www.springframework.org/schema/context http://www.springframework.org/schema/context/spring-context-4.1.xsd
			http://www.springframework.org/schema/jdbc http://www.springframework.org/schema/jdbc/spring-jdbc-4.1.xsd
			http://www.springframework.org/schema/jee http://www.springframework.org/schema/jee/spring-jee-4.1.xsd 
			http://www.springframework.org/schema/tx http://www.springframework.org/schema/tx/spring-tx-4.1.xsd">

		

	<!-- ========================= RESOURCE DEFINITIONS ========================= -->

	<!-- Configurer that replaces ${...} placeholders with values from a properties file -->
	<!-- (in this case, JDBC-related settings for the dataSource definition below) -->
	<context:property-placeholder location="classpath:jdbc.properties"/>
	 <context:component-scan base-package="th.ac.kmutt.dashboard" />
	<context:annotation-config/>

	
	
	<!--
		Exporter that exposes the Hibernate statistics service via JMX. Autodetects the
		service MBean, using its bean name as JMX object name.
	-->
	<context:mbean-export/> 
 	 <!--  
 	<bean id="missExamService" class="th.co.aoe.makedev.missconsult.hibernate.HibernateMissExam">
		<property name="sessionAnnotationFactory" ref="sessionFactory"></property>	 
	</bean>
	-->

    <bean id="entityManagerFactory"
		class="org.springframework.orm.jpa.LocalContainerEntityManagerFactoryBean">
		<property name="persistenceXmlLocation" value="classpath:META-INF/persistence.xml" />
		<property name="persistenceUnitName" value="HibernatePersistenceUnit" />
		<property name="dataSource" ref="dataSource" />
		<property name="jpaVendorAdapter" ref="jpaDB2VendorAdapter" />
		<property name="jpaDialect" ref="jpaDialect" />
		<!--
		<property name="packagesToScan" value="th.ac.kmutt.dashboard.domain.*" />
		-->
	</bean>
	<bean id="liferayEntityManagerFactory"
		class="org.springframework.orm.jpa.LocalContainerEntityManagerFactoryBean">
		<property name="persistenceXmlLocation" value="classpath:META-INF/persistence.xml" />
		<property name="persistenceUnitName" value="HibernatePersistenceLiferayUnit" />
		<property name="dataSource" ref="liferayDataSource" />
		<property name="jpaVendorAdapter" ref="jpaVendorAdapter" />
		<property name="jpaDialect" ref="jpaDialect" />
		<property name="packagesToScan" value="th.ac.kmutt.dashboard.portal.domain.*" />
	</bean>
	<bean id="entityManagerKmuttFactory"
		  class="org.springframework.orm.jpa.LocalContainerEntityManagerFactoryBean">
		<property name="persistenceXmlLocation" value="classpath:META-INF/persistence.xml" />
		<property name="persistenceUnitName" value="HibernatePersistenceKmuttUnit" />
		<property name="dataSource" ref="kmuttDataSource" />
		<property name="jpaVendorAdapter" ref="jpaDB2VendorAdapter" />
		<property name="jpaDialect" ref="jpaDialect" />

		<property name="packagesToScan" value="th.ac.kmutt.dashboard.domain.*" />
	</bean>
	<bean id="jpaDB2VendorAdapter"
		  class="org.springframework.orm.jpa.vendor.HibernateJpaVendorAdapter">

		<property name="database" value="DB2" />
		<property name="databasePlatform" value="org.hibernate.dialect.DB2Dialect" />

		<!--
		<property name="database" value="MYSQL" />
		<property name="databasePlatform" value="org.hibernate.dialect.MySQL5InnoDBDialect" />
		-->
		<property name="showSql" value="true"/>

	</bean>
	<bean id="jpaVendorAdapter"
		class="org.springframework.orm.jpa.vendor.HibernateJpaVendorAdapter">
		<!--  
			<property name="database" value="HSQL" />
			<property name="databasePlatform" value="org.hibernate.dialect.DB2Dialect" />
		 -->
		   <property name="database" value="MYSQL" />
		   <property name="databasePlatform" value="org.hibernate.dialect.MySQL5InnoDBDialect" />
		  
		
		   <property name="showSql" value="true"/> 
		
		<!--  -->
	</bean>
	<bean id="jpaDialect" class="org.springframework.orm.jpa.vendor.HibernateJpaDialect" />

	<bean id="transactionManager" class="org.springframework.orm.jpa.JpaTransactionManager">
		<property name="entityManagerFactory" ref="entityManagerFactory" />
		<property name="dataSource" ref="dataSource" />
		<property name="jpaDialect" ref="jpaDialect" />
	</bean>
	 <bean id="transactionManagerLegacy" class="org.springframework.orm.jpa.JpaTransactionManager">
        <property name="entityManagerFactory" ref="liferayEntityManagerFactory" />
        <property name="dataSource" ref="liferayDataSource" />
		<property name="jpaDialect" ref="jpaDialect" />
    </bean>
	<bean id="transactionKmuttManagerLegacy" class="org.springframework.orm.jpa.JpaTransactionManager">
		<property name="entityManagerFactory" ref="entityManagerKmuttFactory" />
		<property name="dataSource" ref="kmuttDataSource" />
		<property name="jpaDialect" ref="jpaDialect" />
	</bean>
	<!-- -->
	<tx:annotation-driven transaction-manager="transactionManager" />
	<tx:annotation-driven transaction-manager="transactionManagerLegacy" />
	<tx:annotation-driven transaction-manager="transactionKmuttManagerLegacy" />
	<!--
 	<jee:jndi-lookup id="dataSource" resource-ref="true" jndi-name="jdbc/dashboarddb"/>
 	-->

               <jee:jndi-lookup id="liferayDataSource" resource-ref="true" jndi-name="jdbc/chartportaldb"/>
	<!--
                      <jee:jndi-lookup id="kmuttDataSource" resource-ref="true" jndi-name="jdbc/researchdb"/>
                      -->
	     <bean id="dataSource"
            class="org.springframework.jdbc.datasource.DriverManagerDataSource">
            <property name="driverClassName" value="com.ibm.db2.jcc.DB2Driver" />
            <property name="url" value="jdbc:db2://10.1.126.140:50003/kmu_dwh" />
            <property name="username" value="kissusr1" />
            <property name="password" value="gxHoc=,xN" />
         </bean>

<!--
                  <bean id="liferayDataSource"
                    class="org.springframework.jdbc.datasource.DriverManagerDataSource">
                    <property name="driverClassName" value="com.mysql.jdbc.Driver" />
                    <property name="url" value="jdbc:mysql://localhost:3306/lportal_dev_v3" />
                    <property name="username" value="root" />
                    <property name="password" value="" />
                 </bean>
                  -->
	<!--  -->
                <bean id="kmuttDataSource"
                      class="org.springframework.jdbc.datasource.DriverManagerDataSource">
                    <property name="driverClassName" value="com.ibm.db2.jcc.DB2Driver" />
                    <property name="url" value="jdbc:db2://10.1.126.140:50003/kmu_dwh" />
                    <property name="username" value="kissusr1" />
                    <property name="password" value="gxHoc=,xN" />
                </bean>
           <!--
	<bean id="kmuttDataSource"
		  class="org.springframework.jdbc.datasource.DriverManagerDataSource">
		<property name="driverClassName" value="com.mysql.jdbc.Driver" />
		<property name="url" value="jdbc:mysql://localhost:3306/RESEARCH_DB_DEV" />
		<property name="username" value="root" />
		<property name="password" value="" />
	</bean>
	-->
	<!--
	
	<bean id="dataSource"
		class="org.springframework.jdbc.datasource.DriverManagerDataSource">
		<property name="driverClassName" value="com.mysql.jdbc.Driver" />
		<property name="url" value="jdbc:mysql://10.1.130.242:3306/RESEARCH_DB" />
		<property name="username" value="root" />
		<property name="password" value="" />
	</bean>
	 <bean id="liferayDataSource"
		class="org.springframework.jdbc.datasource.DriverManagerDataSource">
		<property name="driverClassName" value="com.mysql.jdbc.Driver" />
		<property name="url" value="jdbc:mysql://10.1.130.242:3306/lportal_dev_v3" />
		<property name="username" value="root" />
		<property name="password" value="" />
 	</bean>
-->
</beans>
